DateKey,Date,Condition,MaxTempC,MinTempC,RainfallMM,SunshineHours,WindSpeedMPH,WeatherScore
20240101,2024-01-01,Partly Cloudy,7.1,2.1,0.0,4.7,14.6,0.364
20240102,2024-01-02,Cloudy,12.3,9.6,0.0,3.8,14.3,0.326
20240103,2024-01-03,Cloudy,7.6,2.4,0.0,3.9,7.4,0.319
20240104,2024-01-04,Rain,10.4,3.7,3.3,0.5,13.9,0.004
20240105,2024-01-05,Partly Cloudy,12.3,7.7,0.0,6.1,15.1,0.455
20240106,2024-01-06,Rain,11.3,7.2,5.2,0,9.9,0.0
20240107,2024-01-07,Rain,10.4,7.2,3.3,3.2,9.4,0.156
20240108,2024-01-08,Rain,11.1,5.4,5.6,2.2,9.1,0.014
20240109,2024-01-09,Partly Cloudy,6.3,0.4,0.0,5.3,11.5,0.398
20240110,2024-01-10,Partly Cloudy,9.1,5.5,0.0,5.7,9.8,0.421
20240111,2024-01-11,Partly Cloudy,7.1,5.0,0.0,6.3,17.1,0.454
20240112,2024-01-12,Partly Cloudy,6.2,-0.8,0.0,5.3,8.9,0.398
20240113,2024-01-13,Cloudy,9.1,3.4,1.4,3.4,12.1,0.239
20240114,2024-01-14,Rain,11.7,7.4,6.8,2.3,12.2,0.0
20240115,2024-01-15,Partly Cloudy,6.9,1.9,0.0,4.6,11.3,0.359
20240116,2024-01-16,Cloudy,6.2,2.4,0.9,0.6,10.6,0.1
20240117,2024-01-17,Partly Cloudy,10.1,6.6,0.0,4.2,15.8,0.336
20240118,2024-01-18,Rain,8.3,3.7,4.6,3.6,8.5,0.13
20240119,2024-01-19,Partly Cloudy,11.4,8.9,0.0,5.3,11.2,0.398
20240120,2024-01-20,Partly Cloudy,9.9,3.7,0.0,6.4,12.6,0.46
20240121,2024-01-21,Cloudy,8.5,3.5,0.0,3.7,8.7,0.308
20240122,2024-01-22,Rain,8.1,2.2,5.5,1.4,14.2,0.0
20240123,2024-01-23,Partly Cloudy,9.1,2.8,0.0,4.4,8.8,0.348
20240124,2024-01-24,Sunny,11.5,4.9,0.0,8.0,12.9,0.55
20240125,2024-01-25,Partly Cloudy,11.0,6.0,0.0,6.6,8.3,0.471
20240126,2024-01-26,Rain,7.8,0.6,6.7,0.5,6.1,0.0
20240127,2024-01-27,Cloudy,8.1,4.3,0.9,1.2,7.4,0.134
20240128,2024-01-28,Heavy Rain,8.5,5.4,8.7,2.4,16.6,0.0
20240129,2024-01-29,Rain,7.8,2.8,3.5,3.9,13.2,0.188
20240130,2024-01-30,Partly Cloudy,7.9,4.5,0.0,4.8,15.9,0.37
20240131,2024-01-31,Partly Cloudy,14.3,13.1,0.0,6.0,16.8,0.532
20240201,2024-02-01,Rain,13.5,10.8,6.8,1.6,8.0,0.0
20240202,2024-02-02,Cloudy,13.0,6.7,0.2,0.6,13.5,0.16
20240203,2024-02-03,Rain,11.3,9.1,2.2,0.1,5.1,0.022
20240204,2024-02-04,Sunny,8.7,3.8,0.0,8.2,14.4,0.469
20240205,2024-02-05,Rain,5.1,-2.0,6.2,2.1,17.7,0.0
20240206,2024-02-06,Partly Cloudy,6.7,1.8,0.0,4.5,7.9,0.302
20240207,2024-02-07,Partly Cloudy,8.0,2.8,0.0,4.3,9.2,0.293
20240208,2024-02-08,Rain,9.4,1.3,1.6,3.9,7.0,0.216
20240209,2024-02-09,Partly Cloudy,8.0,4.7,0.0,5.6,17.2,0.352
20240210,2024-02-10,Partly Cloudy,4.9,0.2,0.0,5.8,5.2,0.361
20240211,2024-02-11,Cloudy,14.0,10.6,0.4,0.4,14.7,0.185
20240212,2024-02-12,Heavy Rain,10.2,4.8,13.8,3.3,7.5,0.0
20240213,2024-02-13,Rain,9.2,5.5,1.9,1.8,13.3,0.11
20240214,2024-02-14,Sunny,10.9,7.4,0.0,8.8,6.8,0.496
20240215,2024-02-15,Partly Cloudy,9.6,6.5,0.0,6.0,8.9,0.37
20240216,2024-02-16,Partly Cloudy,8.8,5.9,0.0,6.5,6.1,0.393
20240217,2024-02-17,Sunny,10.5,6.1,0.0,9.0,7.5,0.505
20240218,2024-02-18,Heavy Rain,10.7,5.0,8.6,3.3,10.3,0.0
20240219,2024-02-19,Sunny,10.4,6.1,0.0,8.6,22.0,0.487
20240220,2024-02-20,Rain,9.2,1.9,2.6,0.2,11.4,0.012
20240221,2024-02-21,Partly Cloudy,10.8,7.0,0.0,6.4,4.2,0.388
20240222,2024-02-22,Rain,7.1,2.0,5.1,3.1,10.3,0.048
20240223,2024-02-23,Partly Cloudy,9.8,5.9,0.0,5.4,10.3,0.343
20240224,2024-02-24,Partly Cloudy,6.8,1.3,0.0,5.4,7.8,0.343
20240225,2024-02-25,Rain,8.7,1.7,1.8,1.3,11.9,0.091
20240226,2024-02-26,Partly Cloudy,10.9,3.6,0.0,4.6,18.1,0.307
20240227,2024-02-27,Partly Cloudy,6.7,0.9,0.0,4.8,16.1,0.316
20240228,2024-02-28,Rain,5.2,-1.2,1.5,3.7,18.0,0.21
20240229,2024-02-29,Partly Cloudy,8.4,1.9,0.0,5.1,12.7,0.33
20240301,2024-03-01,Rain,10.6,6.6,2.4,1.5,9.1,0.066
20240302,2024-03-02,Heavy Rain,12.5,7.2,17.8,2.7,4.1,0.0
20240303,2024-03-03,Sunny,10.8,5.0,0.0,7.4,9.7,0.378
20240304,2024-03-04,Heavy Rain,13.0,8.8,10.6,1.8,6.5,0.0
20240305,2024-03-05,Partly Cloudy,5.1,-1.0,0.0,5.0,12.9,0.287
20240306,2024-03-06,Sunny,14.1,9.5,0.0,8.9,9.1,0.52
20240307,2024-03-07,Sunny,7.3,0.7,0.0,7.6,11.0,0.385
20240308,2024-03-08,Partly Cloudy,10.7,3.5,0.0,6.6,11.1,0.347
20240309,2024-03-09,Sunny,12.5,7.9,0.0,10.3,7.1,0.507
20240310,2024-03-10,Partly Cloudy,14.9,8.9,0.0,6.5,12.4,0.462
20240311,2024-03-11,Partly Cloudy,11.0,4.0,0.0,6.2,11.6,0.333
20240312,2024-03-12,Sunny,11.9,7.3,0.0,10.2,11.6,0.483
20240313,2024-03-13,Cloudy,16.0,8.4,0.3,1.9,9.1,0.324
20240314,2024-03-14,Sunny,10.4,4.8,0.0,8.2,15.5,0.407
20240315,2024-03-15,Sunny,13.2,9.4,0.0,8.5,5.6,0.468
20240316,2024-03-16,Sunny,8.9,3.8,0.0,10.3,14.0,0.486
20240317,2024-03-17,Rain,11.7,5.2,2.7,2.7,6.2,0.1
20240318,2024-03-18,Heavy Rain,11.8,8.5,10.6,2.8,18.2,0.0
20240319,2024-03-19,Sunny,14.6,11.9,0.0,7.9,8.8,0.503
20240320,2024-03-20,Sunny,8.9,4.9,0.0,9.7,6.5,0.464
20240321,2024-03-21,Rain,11.0,6.2,3.0,1.3,15.7,0.036
20240322,2024-03-22,Sunny,8.4,-0.9,0.0,7.9,7.4,0.396
20240323,2024-03-23,Sunny,8.2,2.0,0.0,7.2,8.9,0.37
20240324,2024-03-24,Rain,12.4,5.7,1.7,1.9,14.0,0.124
20240325,2024-03-25,Rain,9.8,5.1,1.9,1.2,10.9,0.074
20240326,2024-03-26,Rain,8.6,2.7,7.8,1.7,20.9,0.0
20240327,2024-03-27,Partly Cloudy,10.7,5.2,0.0,5.3,11.6,0.299
20240328,2024-03-28,Sunny,12.1,5.7,0.0,12,9.7,0.554
20240329,2024-03-29,Rain,10.8,5.9,2.9,2.4,9.7,0.081
20240330,2024-03-30,Rain,11.3,8.9,5.5,1.4,3.7,0.0
20240331,2024-03-31,Sunny,10.6,6.1,0.0,11.4,12.3,0.528
20240401,2024-04-01,Rain,10.0,5.5,7.6,1.0,7.0,0.0
20240402,2024-04-02,Rain,14.5,9.7,2.8,2.1,10.4,0.165
20240403,2024-04-03,Sunny,14.9,11.8,0.0,10.3,11.6,0.55
20240404,2024-04-04,Rain,16.4,9.8,2.3,3.0,16.7,0.29
20240405,2024-04-05,Sunny,12.8,9.6,0.0,7.5,13.8,0.374
20240406,2024-04-06,Partly Cloudy,10.6,2.9,0.0,6.3,10.2,0.302
20240407,2024-04-07,Sunny,12.9,9.5,0.0,8.6,6.0,0.413
20240408,2024-04-08,Sunny,10.8,6.1,0.0,8.0,11.1,0.357
20240409,2024-04-09,Rain,15.4,9.6,3.1,1.5,9.8,0.171
20240410,2024-04-10,Partly Cloudy,12.0,6.8,0.0,5.4,7.7,0.274
20240411,2024-04-11,Cloudy,15.1,11.5,1.0,1.4,10.9,0.234
20240412,2024-04-12,Rain,17.0,11.4,3.4,5.7,14.0,0.36
20240413,2024-04-13,Sunny,12.3,7.0,0.0,9.8,4.4,0.427
20240414,2024-04-14,Rain,15.3,8.5,3.1,2.7,14.5,0.206
20240415,2024-04-15,Sunny,9.3,5.1,0.0,9.9,13.1,0.418
20240416,2024-04-16,Sunny,13.4,8.5,0.0,9.6,9.5,0.466
20240417,2024-04-17,Rain,14.3,9.8,2.4,1.4,15.4,0.149
20240418,2024-04-18,Sunny,15.1,10.1,0.0,10.2,11.7,0.555
20240419,2024-04-19,Sunny,12.1,7.6,0.0,9.1,5.9,0.397
20240420,2024-04-20,Cloudy,14.0,8.4,0.3,2.4,2.9,0.248
20240421,2024-04-21,Sunny,18.2,11.8,0.0,9.2,9.7,0.649
20240422,2024-04-22,Rain,12.2,5.9,2.3,3.0,14.8,0.118
20240423,2024-04-23,Rain,14.1,7.1,2.1,2.8,14.2,0.197
20240424,2024-04-24,Sunny,8.2,4.5,0.0,8.7,14.5,0.38
20240425,2024-04-25,Sunny,11.5,6.8,0.0,8.3,8.9,0.367
20240426,2024-04-26,Sunny,14.2,7.6,0.0,8.7,10.9,0.47
20240427,2024-04-27,Cloudy,10.6,9.2,1.0,2.0,12.9,0.127
20240428,2024-04-28,Heavy Rain,11.6,7.1,9.0,4.3,10.4,0.0
20240429,2024-04-29,Sunny,9.1,2.3,0.0,9.6,13.8,0.409
20240430,2024-04-30,Rain,13.1,8.1,2.7,3.1,7.9,0.143
20240501,2024-05-01,Sunny,9.1,3.8,0.0,8.7,11.9,0.353
20240502,2024-05-02,Sunny,11.3,6.9,0.0,9.4,9.9,0.373
20240503,2024-05-03,Sunny,16.8,12.9,0.0,8.2,7.5,0.534
20240504,2024-05-04,Heavy Rain,19.9,12.8,13.5,1.7,10.2,0.023
20240505,2024-05-05,Sunny,15.3,10.9,0.0,10.4,10.4,0.537
20240506,2024-05-06,Rain,11.2,6.0,3.4,2.0,10.6,0.031
20240507,2024-05-07,Sunny,19.2,14.3,0.0,9.1,11.0,0.659
20240508,2024-05-08,Sunny,14.8,14.2,0.0,7.7,7.1,0.438
20240509,2024-05-09,Rain,16.3,11.2,1.5,3.2,11.5,0.313
20240510,2024-05-10,Sunny,18.3,13.7,0.0,8.2,2.9,0.596
20240511,2024-05-11,Rain,17.8,12.1,4.2,3.5,7.7,0.281
20240512,2024-05-12,Sunny,13.3,9.6,0.0,9.8,6.2,0.438
20240513,2024-05-13,Rain,16.7,14.2,2.6,0.5,10.3,0.209
20240514,2024-05-14,Sunny,16.4,10.5,0.0,9.7,10.6,0.562
20240515,2024-05-15,Sunny,17.0,13.0,0.0,9.7,15.4,0.586
20240516,2024-05-16,Sunny,20.2,13.7,0.0,8.4,2,0.679
20240517,2024-05-17,Sunny,16.7,10.9,0.0,13.4,10.3,0.681
20240518,2024-05-18,Sunny,16.7,10.9,0.0,10.0,8.5,0.583
20240519,2024-05-19,Sunny,13.3,10.2,0.0,10.0,2,0.444
20240520,2024-05-20,Rain,19.5,11.0,4.2,0.8,21.1,0.273
20240521,2024-05-21,Rain,13.5,9.5,3.1,1.4,11.1,0.086
20240522,2024-05-22,Rain,16.4,10.7,2.8,0.4,7.4,0.187
20240523,2024-05-23,Sunny,14.8,8.8,0.0,9.7,5.9,0.496
20240524,2024-05-24,Rain,19.3,14.7,3.1,3.2,22.4,0.375
20240525,2024-05-25,Sunny,18.0,14.5,0.0,8.6,13.1,0.595
20240526,2024-05-26,Partly Cloudy,19.5,13.4,0.0,6.6,2,0.598
20240527,2024-05-27,Cloudy,16.2,12.1,0.1,1.4,7.7,0.309
20240528,2024-05-28,Sunny,17.4,13.2,0.0,10.7,4.6,0.632
20240529,2024-05-29,Sunny,16.9,14.2,0.0,10.4,14.3,0.602
20240530,2024-05-30,Sunny,18.2,13.0,0.0,7.9,15.6,0.583
20240531,2024-05-31,Cloudy,13.2,6.5,0.0,0.9,5.6,0.175
20240601,2024-06-01,Sunny,15.1,10.3,0.0,10.9,11.0,0.524
20240602,2024-06-02,Sunny,16.9,14.2,0.0,7.1,7.9,0.494
20240603,2024-06-03,Sunny,15.3,11.1,0.0,7.1,13.9,0.429
20240604,2024-06-04,Rain,19.4,13.8,2.0,0.9,14.0,0.352
20240605,2024-06-05,Partly Cloudy,17.7,14.0,0.0,6.6,14.0,0.513
20240606,2024-06-06,Sunny,13.7,10.4,0.0,10.5,3.5,0.456
20240607,2024-06-07,Rain,18.6,16.1,4.6,3.3,10.7,0.288
20240608,2024-06-08,Rain,15.0,11.1,3.2,2.8,11.7,0.179
20240609,2024-06-09,Sunny,15.4,11.1,0.0,9.3,5.1,0.493
20240610,2024-06-10,Sunny,16.8,10.1,0.0,10.5,8.6,0.583
20240611,2024-06-11,Sunny,19.3,14.6,0.0,8.7,8.3,0.636
20240612,2024-06-12,Sunny,21.8,16.8,0.0,11.5,18.1,0.815
20240613,2024-06-13,Sunny,15.3,11.8,0.0,10.9,11.8,0.532
20240614,2024-06-14,Sunny,21.3,16.6,0.0,12.1,7.8,0.81
20240615,2024-06-15,Sunny,16.1,12.3,0.0,9.1,14.2,0.516
20240616,2024-06-16,Partly Cloudy,13.4,8.4,0.0,6.8,13.8,0.343
20240617,2024-06-17,Sunny,20.0,14.9,0.0,8.2,11.5,0.651
20240618,2024-06-18,Sunny,16.5,11.1,0.0,8.0,8.9,0.502
20240619,2024-06-19,Sunny,17.9,14.3,0.0,8.3,15.4,0.568
20240620,2024-06-20,Sunny,17.8,11.1,0.0,7.0,14.7,0.528
20240621,2024-06-21,Sunny,19.7,14.2,0.0,9.3,7.7,0.669
20240622,2024-06-22,Sunny,17.3,12.1,0.0,9.5,12.4,0.576
20240623,2024-06-23,Sunny,18.4,11.8,0.0,10.4,7.7,0.645
20240624,2024-06-24,Sunny,15.2,11.4,0.0,10.3,12.2,0.512
20240625,2024-06-25,Sunny,16.6,13.3,0.0,8.1,13.0,0.509
20240626,2024-06-26,Cloudy,17.8,12.9,0.8,2.0,14.6,0.362
20240627,2024-06-27,Sunny,22.6,19.7,0.0,11.8,15.7,0.855
20240628,2024-06-28,Sunny,20.7,13.9,0.0,9.6,8.3,0.718
20240629,2024-06-29,Sunny,21.5,16.8,0.0,9.8,7.9,0.756
20240630,2024-06-30,Cloudy,17.6,11.5,0.5,0.9,11.8,0.335
20240701,2024-07-01,Cloudy,21.1,17.3,0.3,0.9,12.0,0.486
20240702,2024-07-02,Sunny,21.8,19.8,0.0,9.8,9.4,0.777
20240703,2024-07-03,Cloudy,14.7,8.4,0.0,0.5,2,0.225
20240704,2024-07-04,Sunny,18.1,11.7,0.0,10.0,16.3,0.631
20240705,2024-07-05,Sunny,19.8,12.7,0.0,8.3,18.2,0.653
20240706,2024-07-06,Sunny,20.3,14.6,0.0,8.4,7.3,0.676
20240707,2024-07-07,Sunny,15.5,12.4,0.0,11.1,8.3,0.555
20240708,2024-07-08,Sunny,20.7,13.9,0.0,13.1,14.2,0.824
20240709,2024-07-09,Sunny,22.3,18.7,0.0,12.7,11.9,0.879
20240710,2024-07-10,Rain,19.5,13.7,7.7,0.3,13.2,0.127
20240711,2024-07-11,Heavy Rain,23.8,17.5,15.6,2.6,9.3,0.173
20240712,2024-07-12,Sunny,21.4,16.6,0.0,12.0,11.7,0.822
20240713,2024-07-13,Cloudy,15.7,12.1,0.6,3.3,9.8,0.322
20240714,2024-07-14,Sunny,22.6,18.8,0.0,10.8,13.3,0.837
20240715,2024-07-15,Sunny,19.7,15.0,0.0,7.1,14.2,0.615
20240716,2024-07-16,Sunny,20.3,14.5,0.0,11.0,9.5,0.749
20240717,2024-07-17,Rain,22.8,18.4,3.3,1.0,10.3,0.446
20240718,2024-07-18,Sunny,18.6,12.7,0.0,8.9,7.4,0.62
20240719,2024-07-19,Sunny,18.0,11.6,0.0,9.7,16.9,0.618
20240720,2024-07-20,Sunny,18.5,15.3,0.0,12.3,9.2,0.712
20240721,2024-07-21,Heavy Rain,16.3,10.7,11.9,2.2,8.8,0.0
20240722,2024-07-22,Heavy Rain,16.0,10.9,13.4,3.4,15.4,0.0
20240723,2024-07-23,Cloudy,13.6,7.6,1.3,2.8,13.3,0.195
20240724,2024-07-24,Partly Cloudy,18.6,12.2,0.0,6.1,9.9,0.542
20240725,2024-07-25,Sunny,18.8,13.7,0.0,11.7,8.5,0.707
20240726,2024-07-26,Rain,17.1,12.3,6.2,4.5,13.5,0.203
20240727,2024-07-27,Cloudy,23.2,15.2,0.4,2.4,8.1,0.603
20240728,2024-07-28,Cloudy,14.3,8.6,1.4,2.5,5.9,0.212
20240729,2024-07-29,Partly Cloudy,18.0,12.5,0.0,6.6,12.5,0.531
20240730,2024-07-30,Sunny,19.5,13.2,0.0,13.3,8.2,0.781
20240731,2024-07-31,Sunny,17.3,10.5,0.0,12.6,19.2,0.671
20240801,2024-08-01,Rain,19.9,15.1,4.1,2.5,10.7,0.347
20240802,2024-08-02,Rain,15.1,8.6,1.8,0.9,7.5,0.187
20240803,2024-08-03,Sunny,22.2,15.7,0.0,7.2,9.2,0.741
20240804,2024-08-04,Partly Cloudy,21.7,17.7,0.0,5.7,9.2,0.674
20240805,2024-08-05,Sunny,17.8,11.4,0.0,9.9,2,0.645
20240806,2024-08-06,Sunny,17.8,12.9,0.0,9.4,15.0,0.629
20240807,2024-08-07,Rain,15.5,10.9,4.4,2.0,12.7,0.14
20240808,2024-08-08,Partly Cloudy,24.9,21.9,0.0,5.6,4.5,0.724
20240809,2024-08-09,Sunny,22.2,17.8,0.0,8.9,9.7,0.793
20240810,2024-08-10,Sunny,24.1,18.6,0.0,9.1,14.7,0.832
20240811,2024-08-11,Sunny,18.5,12.8,0.0,10.4,13.7,0.689
20240812,2024-08-12,Cloudy,20.2,15.8,0.7,2.5,9.7,0.487
20240813,2024-08-13,Sunny,22.3,16.8,0.0,13.7,12.7,0.947
20240814,2024-08-14,Sunny,21.0,17.8,0.0,9.8,17.9,0.772
20240815,2024-08-15,Sunny,24.2,17.6,0.0,10.0,10.0,0.86
20240816,2024-08-16,Rain,20.1,15.3,5.0,0.9,8.2,0.272
20240817,2024-08-17,Sunny,21.8,15.2,0.0,8.2,4.4,0.755
20240818,2024-08-18,Partly Cloudy,20.0,15.6,0.0,6.2,12.3,0.62
20240819,2024-08-19,Sunny,21.2,17.7,0.0,11.3,7.7,0.827
20240820,2024-08-20,Sunny,16.2,11.3,0.0,10.2,10.2,0.588
20240821,2024-08-21,Sunny,19.6,15.7,0.0,11.0,11.1,0.752
20240822,2024-08-22,Sunny,21.6,15.9,0.0,7.6,21.1,0.729
20240823,2024-08-23,Sunny,19.4,13.3,0.0,10.0,11.8,0.713
20240824,2024-08-24,Rain,17.4,11.8,2.2,2.5,8.1,0.316
20240825,2024-08-25,Rain,20.3,12.8,5.2,3.0,12.4,0.338
20240826,2024-08-26,Cloudy,18.1,13.6,1.1,1.1,13.2,0.342
20240827,2024-08-27,Rain,19.3,13.9,2.2,3.8,9.3,0.434
20240828,2024-08-28,Sunny,22.9,16.5,0.0,7.6,14.6,0.782
20240829,2024-08-29,Rain,20.0,14.8,1.8,1.9,7.4,0.419
20240830,2024-08-30,Partly Cloudy,19.9,13.5,0.0,6.7,11.8,0.631
20240831,2024-08-31,Rain,22.8,19.3,4.0,1.3,10.6,0.432
20240901,2024-09-01,Sunny,14.8,13.6,0.0,7.2,6.3,0.474
20240902,2024-09-02,Rain,22.4,15.5,6.6,3.0,8.4,0.386
20240903,2024-09-03,Heavy Rain,15.3,10.2,9.5,1.6,12.6,0.0
20240904,2024-09-04,Partly Cloudy,13.3,8.8,0.0,6.0,10.1,0.369
20240905,2024-09-05,Rain,18.3,15.0,2.2,2.1,7.4,0.351
20240906,2024-09-06,Partly Cloudy,15.2,10.3,0.0,5.5,15.0,0.429
20240907,2024-09-07,Sunny,14.3,10.0,0.0,9.2,17.8,0.525
20240908,2024-09-08,Partly Cloudy,17.6,11.2,0.0,6.0,9.1,0.545
20240909,2024-09-09,Sunny,18.2,13.5,0.0,9.3,10.0,0.688
20240910,2024-09-10,Partly Cloudy,19.6,13.7,0.0,5.8,18.1,0.62
20240911,2024-09-11,Sunny,18.3,13.7,0.0,8.3,10.9,0.657
20240912,2024-09-12,Partly Cloudy,15.8,12.7,0.0,5.7,2,0.461
20240913,2024-09-13,Partly Cloudy,20.9,14.0,0.0,5.2,18.0,0.651
20240914,2024-09-14,Partly Cloudy,19.0,14.7,0.0,6.1,8.9,0.606
20240915,2024-09-15,Sunny,20.2,13.0,0.0,7.8,14.1,0.716
20240916,2024-09-16,Sunny,15.5,11.5,0.0,8.8,16.0,0.56
20240917,2024-09-17,Sunny,19.5,14.2,0.0,11.2,5.9,0.81
20240918,2024-09-18,Rain,16.9,14.9,1.7,1.6,13.0,0.294
20240919,2024-09-19,Heavy Rain,19.6,13.4,10.1,2.4,16.4,0.119
20240920,2024-09-20,Rain,15.6,12.0,3.3,0.8,8.1,0.152
20240921,2024-09-21,Cloudy,14.0,9.1,0.6,0.1,15.8,0.163
20240922,2024-09-22,Partly Cloudy,20.8,13.3,0.0,6.5,15.4,0.694
20240923,2024-09-23,Sunny,17.9,13.5,0.0,8.6,7.9,0.651
20240924,2024-09-24,Sunny,17.0,10.9,0.0,11.6,8.4,0.722
20240925,2024-09-25,Partly Cloudy,17.0,15.8,0.0,6.7,12.5,0.546
20240926,2024-09-26,Partly Cloudy,10.7,5.1,0.0,5.9,13.1,0.312
20240927,2024-09-27,Partly Cloudy,15.9,9.8,0.0,6.2,6.1,0.483
20240928,2024-09-28,Cloudy,14.1,8.3,0.0,3.8,9.8,0.323
20240929,2024-09-29,Cloudy,12.9,8.9,0.0,3.7,13.3,0.27
20240930,2024-09-30,Partly Cloudy,17.7,14.5,0.0,5.2,12.4,0.52
20241001,2024-10-01,Partly Cloudy,10.3,6.4,0.0,6.9,15.8,0.382
20241002,2024-10-02,Partly Cloudy,17.7,11.0,0.0,4.6,5.5,0.521
20241003,2024-10-03,Cloudy,15.0,11.0,0.0,3.2,14.2,0.354
20241004,2024-10-04,Rain,11.4,7.4,2.5,3.2,13.0,0.137
20241005,2024-10-05,Partly Cloudy,15.2,9.2,0.0,5.9,7.2,0.472
20241006,2024-10-06,Rain,12.2,7.9,2.1,1.5,18.7,0.091
20241007,2024-10-07,Sunny,20.0,16.6,0.0,7.8,7.8,0.746
20241008,2024-10-08,Sunny,17.1,13.2,0.0,9.7,14.1,0.705
20241009,2024-10-09,Rain,11.5,2.5,1.5,0.2,13.2,0.052
20241010,2024-10-10,Rain,16.1,10.9,3.1,2.8,12.9,0.266
20241011,2024-10-11,Partly Cloudy,12.4,6.1,0.0,4.6,16.8,0.305
20241012,2024-10-12,Sunny,10.3,0.8,0.0,8.0,10.2,0.427
20241013,2024-10-13,Partly Cloudy,14.9,12.2,0.9,4.2,10.9,0.357
20241014,2024-10-14,Partly Cloudy,14.9,10.5,0.0,4.7,6.6,0.411
20241015,2024-10-15,Cloudy,20.5,16.6,0.1,3.0,11.3,0.567
20241016,2024-10-16,Heavy Rain,16.5,12.6,9.1,2.5,8.5,0.045
20241017,2024-10-17,Rain,16.3,8.5,7.4,4.0,8.9,0.162
20241018,2024-10-18,Sunny,14.5,11.3,0.0,8.4,13.5,0.546
20241019,2024-10-19,Sunny,16.8,12.5,0.0,8.5,15.0,0.644
20241020,2024-10-20,Partly Cloudy,16.7,14.1,0.0,5.5,13.1,0.517
20241021,2024-10-21,Partly Cloudy,14.6,11.2,0.0,6.6,9.9,0.476
20241022,2024-10-22,Sunny,13.8,8.7,0.0,7.6,5.4,0.485
20241023,2024-10-23,Partly Cloudy,14.0,9.4,0.0,4.6,7.8,0.37
20241024,2024-10-24,Sunny,12.9,9.1,0.0,7.8,3.3,0.456
20241025,2024-10-25,Sunny,14.0,7.5,0.0,7.0,10.8,0.468
20241026,2024-10-26,Rain,10.2,6.1,1.6,2.8,13.1,0.155
20241027,2024-10-27,Sunny,11.8,6.8,0.0,8.4,9.4,0.444
20241028,2024-10-28,Partly Cloudy,16.3,11.0,0.0,5.7,14.1,0.509
20241029,2024-10-29,Rain,14.7,9.7,3.2,2.3,11.2,0.185
20241030,2024-10-30,Sunny,15.5,9.1,0.0,7.4,6.5,0.546
20241031,2024-10-31,Heavy Rain,14.4,11.0,14.9,5.3,13.2,0.0
20241101,2024-11-01,Partly Cloudy,14.8,9.1,0.0,5.1,6.0,0.47
20241102,2024-11-02,Rain,14.7,9.0,1.5,1.4,6.0,0.224
20241103,2024-11-03,Rain,15.4,11.4,3.5,2.9,5.9,0.253
20241104,2024-11-04,Partly Cloudy,11.6,7.3,0.0,6.0,8.9,0.4
20241105,2024-11-05,Partly Cloudy,9.9,3.9,0.0,4.4,8.6,0.32
20241106,2024-11-06,Heavy Rain,13.6,7.4,13.5,2.7,12.4,0.0
20241107,2024-11-07,Cloudy,10.3,4.8,0.0,3.6,11.5,0.28
20241108,2024-11-08,Partly Cloudy,11.1,5.9,0.0,6.7,16.7,0.435
20241109,2024-11-09,Sunny,8.8,5.5,0.0,7.0,12.3,0.45
20241110,2024-11-10,Cloudy,12.6,8.6,0.9,2.4,19.3,0.211
20241111,2024-11-11,Cloudy,12.9,8.5,0.6,2.2,9.5,0.224
20241112,2024-11-12,Cloudy,14.2,10.0,0.5,1.1,14.3,0.226
20241113,2024-11-13,Partly Cloudy,12.4,8.1,0.0,5.6,12.4,0.396
20241114,2024-11-14,Partly Cloudy,11.5,7.4,0.0,5.8,10.9,0.39
20241115,2024-11-15,Rain,14.0,9.1,2.4,1.5,8.5,0.167
20241116,2024-11-16,Partly Cloudy,11.3,7.2,0.0,5.3,12.9,0.365
20241117,2024-11-17,Partly Cloudy,15.6,9.2,0.0,6.0,14.1,0.547
20241118,2024-11-18,Partly Cloudy,12.9,6.9,0.0,6.5,9.7,0.462
20241119,2024-11-19,Heavy Rain,10.1,6.0,8.8,0.6,7.5,0.0
20241120,2024-11-20,Cloudy,11.2,4.5,1.4,3.1,15.3,0.203
20241121,2024-11-21,Sunny,15.1,9.5,0.0,8.3,10.2,0.642
20241122,2024-11-22,Rain,10.1,4.9,1.9,2.5,3.5,0.154
20241123,2024-11-23,Cloudy,15.2,8.4,0.0,2.5,10.7,0.356
20241124,2024-11-24,Partly Cloudy,12.9,7.9,0.0,6.2,15.2,0.447
20241125,2024-11-25,Cloudy,14.0,9.2,0.0,3.8,12.7,0.372
20241126,2024-11-26,Rain,8.7,4.6,2.8,4.1,11.5,0.2
20241127,2024-11-27,Rain,17.2,12.7,5.5,1.3,20.5,0.171
20241128,2024-11-28,Heavy Rain,12.2,8.4,12.8,2.6,7.1,0.0
20241129,2024-11-29,Cloudy,13.8,7.1,0.0,1.3,9.6,0.239
20241130,2024-11-30,Sunny,15.4,9.1,0.0,7.7,5.2,0.624
20241201,2024-12-01,Rain,8.0,5.3,6.5,0.7,14.3,0.0
20241202,2024-12-02,Partly Cloudy,5.6,1.2,0.0,4.5,15.6,0.353
20241203,2024-12-03,Cloudy,12.0,6.0,0.3,1.5,13.6,0.173
20241204,2024-12-04,Rain,7.9,5.0,4.7,1.8,13.9,0.025
20241205,2024-12-05,Partly Cloudy,9.7,5.8,0.0,6.2,12.5,0.449
20241206,2024-12-06,Partly Cloudy,12.6,8.7,0.0,4.7,14.2,0.389
20241207,2024-12-07,Partly Cloudy,9.3,6.2,0.0,5.2,14.1,0.393
20241208,2024-12-08,Partly Cloudy,12.0,7.6,0.0,4.9,4.2,0.376
20241209,2024-12-09,Sunny,11.5,5.7,0.0,7.6,13.5,0.527
20241210,2024-12-10,Heavy Rain,6.2,1.3,12.9,2.8,11.1,0.0
20241211,2024-12-11,Rain,9.3,2.4,1.9,3.3,3.3,0.214
20241212,2024-12-12,Rain,10.8,6.7,2.3,2.0,6.9,0.126
20241213,2024-12-13,Sunny,7.3,2.4,0.0,8,10.3,0.55
20241214,2024-12-14,Partly Cloudy,10.6,6.4,1.2,4.3,14.9,0.297
20241215,2024-12-15,Rain,10.5,5.4,4.7,3.5,14.9,0.121
20241216,2024-12-16,Rain,6.8,0.6,6.0,1.9,8.4,0.0
20241217,2024-12-17,Partly Cloudy,13.3,8.6,0.0,5.9,5.6,0.485
20241218,2024-12-18,Cloudy,12.7,7.9,1.0,1.1,15.8,0.153
20241219,2024-12-19,Cloudy,8.9,2.6,0.0,3.2,8.6,0.28
20241220,2024-12-20,Cloudy,4.4,0.9,0.0,3.4,8.1,0.291
20241221,2024-12-21,Partly Cloudy,13.1,9.7,0.0,4.8,9.0,0.415
20241222,2024-12-22,Partly Cloudy,11.0,6.7,0.0,4.4,7.2,0.348
20241223,2024-12-23,Cloudy,8.1,1.1,0.0,3.6,10.3,0.302
20241224,2024-12-24,Partly Cloudy,7.2,3.4,0.0,5.8,5.1,0.426
20241225,2024-12-25,Rain,15.2,9.8,6.6,1.7,7.9,0.079
20241226,2024-12-26,Rain,12.5,8.2,1.9,2.6,12.0,0.195
20241227,2024-12-27,Partly Cloudy,10.7,7.5,0.0,5.8,9.4,0.426
20241228,2024-12-28,Rain,9.3,5.8,4.5,2.3,17.1,0.061
20241229,2024-12-29,Rain,13.9,9.6,5.0,4.1,11.4,0.221
20241230,2024-12-30,Heavy Rain,16.5,13.5,16.4,1.1,9.0,0.0
20241231,2024-12-31,Rain,8.6,2.3,2.3,3.0,13.6,0.183
20250101,2025-01-01,Partly Cloudy,9.3,6.3,0.0,4.6,11.9,0.359
20250102,2025-01-02,Sunny,5.6,-0.2,0.0,8.0,12.1,0.55
20250103,2025-01-03,Heavy Rain,9.3,4.2,9.6,0,15.4,0.0
20250104,2025-01-04,Heavy Rain,9.9,3.9,12.7,2.0,18.0,0.0
20250105,2025-01-05,Rain,7.1,4.4,5.7,1.5,4.2,0.0
20250106,2025-01-06,Cloudy,9.5,2.1,0.1,1.3,13.6,0.169
20250107,2025-01-07,Cloudy,10.4,5.2,0.0,3.4,13.1,0.291
20250108,2025-01-08,Heavy Rain,5.3,3.1,35.4,3.4,8.5,0.0
20250109,2025-01-09,Heavy Rain,10.6,2.2,8.2,2.9,11.5,0.0
20250110,2025-01-10,Sunny,9.8,7.2,0.0,7.9,17.0,0.544
20250111,2025-01-11,Partly Cloudy,6.9,-0.7,0.0,4.1,12.7,0.331
20250112,2025-01-12,Partly Cloudy,12.5,7.9,0.0,5.1,11.1,0.407
20250113,2025-01-13,Cloudy,6.5,3.4,0.0,3.3,4.3,0.286
20250114,2025-01-14,Sunny,8.8,2.8,0.0,8,10.2,0.55
20250115,2025-01-15,Rain,10.9,5.1,5.1,3.7,10.1,0.117
20250116,2025-01-16,Rain,14.0,7.2,7.0,1.2,13.1,0.0
20250117,2025-01-17,Partly Cloudy,7.3,3.4,0.0,4.6,17.1,0.359
20250118,2025-01-18,Rain,9.1,3.6,6.0,2.8,14.5,0.033
20250119,2025-01-19,Cloudy,5.6,-0.5,0.0,3.7,10.8,0.308
20250120,2025-01-20,Rain,7.3,2.3,3.4,3.1,9.3,0.147
20250121,2025-01-21,Rain,11.5,2.6,7.0,3.6,16.2,0.04
20250122,2025-01-22,Rain,8.1,4.8,5.4,1.1,6.3,0.0
20250123,2025-01-23,Rain,10.2,5.3,3.5,0.8,16.0,0.014
20250124,2025-01-24,Partly Cloudy,7.2,1.9,0.0,4.8,8.0,0.37
20250125,2025-01-25,Cloudy,13.3,9.6,1.2,0.1,10.7,0.114
20250126,2025-01-26,Cloudy,12.6,8.1,0.1,2.3,7.9,0.25
20250127,2025-01-27,Rain,9.9,4.5,2.1,3.4,7.8,0.212
20250128,2025-01-28,Partly Cloudy,8.0,1.9,0.0,4.8,9.9,0.37
20250129,2025-01-29,Rain,5.7,0.8,2.0,2.4,12.0,0.16
20250130,2025-01-30,Partly Cloudy,10.4,4.6,0.0,5.6,15.1,0.415
20250131,2025-01-31,Rain,7.5,3.4,4.8,1.9,2.2,0.027
20250201,2025-02-01,Partly Cloudy,8.3,7.3,0.0,4.8,9.5,0.316
20250202,2025-02-02,Cloudy,9.9,2.7,0.9,2.7,13.9,0.188
20250203,2025-02-03,Cloudy,9.8,7.0,0.0,3.9,15.1,0.276
20250204,2025-02-04,Partly Cloudy,8.3,3.3,0.9,4.0,12.0,0.246
20250205,2025-02-05,Sunny,10.4,3.0,0.0,8.0,11.4,0.46
20250206,2025-02-06,Rain,5.9,0.6,5.9,2.7,19.8,0.0
20250207,2025-02-07,Heavy Rain,12.9,8.2,10.0,1.4,11.2,0.0
20250208,2025-02-08,Partly Cloudy,10.1,7.4,0.0,6.2,8.3,0.379
20250209,2025-02-09,Rain,13.7,11.3,1.6,1.1,12.9,0.159
20250210,2025-02-10,Partly Cloudy,12.8,8.3,0.0,5.6,7.2,0.385
20250211,2025-02-11,Partly Cloudy,12.5,6.6,0.0,4.9,7.6,0.341
20250212,2025-02-12,Cloudy,7.4,0.8,0.0,3.6,16.3,0.262
20250213,2025-02-13,Rain,10.2,5.9,3.3,3.1,2.6,0.116
20250214,2025-02-14,Partly Cloudy,6.1,4.4,0.0,6.3,12.8,0.384
20250215,2025-02-15,Rain,8.6,1.9,7.7,4.2,9.6,0.0
20250216,2025-02-16,Partly Cloudy,11.8,8.9,0.0,6.4,6.8,0.388
20250217,2025-02-17,Heavy Rain,8.9,4.2,11.0,3.3,10.9,0.0
20250218,2025-02-18,Sunny,12.7,7.1,0.0,7.3,10.6,0.457
20250219,2025-02-19,Partly Cloudy,8.7,0.9,0.0,6.5,12.9,0.393
20250220,2025-02-20,Cloudy,7.6,4.1,0.2,1.2,6.8,0.147
20250221,2025-02-21,Rain,9.4,5.2,1.5,3.0,13.8,0.179
20250222,2025-02-22,Rain,8.2,3.8,3.0,0,7.7,0.0
20250223,2025-02-23,Cloudy,8.9,3.0,0.3,1.8,16.2,0.17
20250224,2025-02-24,Rain,13.1,7.1,4.8,4.3,14.0,0.159
20250225,2025-02-25,Sunny,12.4,9.2,0.0,7.3,12.8,0.445
20250226,2025-02-26,Partly Cloudy,6.6,0.2,0.0,5.6,12.0,0.352
20250227,2025-02-27,Rain,10.6,6.1,5.5,1.5,12.1,0.0
20250228,2025-02-28,Cloudy,11.2,4.8,0.2,0.9,4.3,0.133
20250301,2025-03-01,Rain,13.4,7.0,5.0,1.4,4.5,0.022
20250302,2025-03-02,Rain,10.5,5.6,6.6,0.9,13.7,0.0
20250303,2025-03-03,Rain,10.9,5.3,6.2,1.3,12.3,0.0
20250304,2025-03-04,Sunny,7.6,3.1,0.0,8.0,6.0,0.4
20250305,2025-03-05,Rain,11.3,5.9,3.0,2.0,10.6,0.062
20250306,2025-03-06,Cloudy,10.1,6.2,0.0,3.9,4.8,0.246
20250307,2025-03-07,Partly Cloudy,8.6,3.2,0.0,6.6,16.2,0.347
20250308,2025-03-08,Sunny,15.1,10.3,0.0,8.8,5.7,0.557
20250309,2025-03-09,Partly Cloudy,8.2,3.6,0.0,6.2,12.7,0.333
20250310,2025-03-10,Sunny,10.0,3.8,0.0,10.5,16.8,0.494
20250311,2025-03-11,Partly Cloudy,11.8,5.2,0.0,4.0,11.2,0.25
20250312,2025-03-12,Partly Cloudy,6.8,1.7,0.0,6.6,12.1,0.347
20250313,2025-03-13,Rain,8.4,2.3,6.6,1.9,2.9,0.0
20250314,2025-03-14,Sunny,15.8,12.1,0.0,7.8,10.4,0.548
20250315,2025-03-15,Cloudy,11.4,7.7,0.2,2.4,9.1,0.182
20250316,2025-03-16,Sunny,15.2,9.7,0.0,7.7,12.4,0.52
20250317,2025-03-17,Rain,13.3,7.0,3.4,1.8,13.2,0.093
20250318,2025-03-18,Partly Cloudy,15.3,10.9,0.0,4.4,11.4,0.4
20250319,2025-03-19,Rain,6.5,2.3,1.5,1.6,8.5,0.104
20250320,2025-03-20,Heavy Rain,10.4,4.1,9.0,3.3,13.3,0.0
20250321,2025-03-21,Sunny,12.6,9.4,0.0,9.2,12.3,0.47
20250322,2025-03-22,Rain,11.0,4.7,3.8,2.9,5.8,0.066
20250323,2025-03-23,Sunny,8.8,3.8,0.0,7.0,22.8,0.363
20250324,2025-03-24,Partly Cloudy,9.3,4.5,0.0,6.5,11.9,0.344
20250325,2025-03-25,Cloudy,8.3,3.3,0.9,0,11.4,0.066
20250326,2025-03-26,Sunny,11.3,6.9,0.0,9.6,15.7,0.46
20250327,2025-03-27,Rain,11.5,5.9,4.3,1.0,2.7,0.0
20250328,2025-03-28,Cloudy,6.8,2.1,0.1,2.9,3.9,0.205
20250329,2025-03-29,Sunny,8.2,4.7,0.0,9.4,17.8,0.453
20250330,2025-03-30,Sunny,14.4,7.4,0.0,11.8,12.5,0.641
20250331,2025-03-31,Sunny,14.2,7.7,0.0,7.9,8.4,0.486
20250401,2025-04-01,Sunny,8.8,2.5,0.0,9.1,10.9,0.393
20250402,2025-04-02,Sunny,15.0,7.3,0.0,7.6,6.4,0.467
20250403,2025-04-03,Sunny,11.9,5.8,0.0,11.6,5.4,0.473
20250404,2025-04-04,Sunny,13.0,7.0,0.0,10.7,10.5,0.485
20250405,2025-04-05,Partly Cloudy,15.5,10.2,0.0,5.0,12.6,0.404
20250406,2025-04-06,Sunny,16.4,14.6,0.0,12.3,8.3,0.675
20250407,2025-04-07,Sunny,16.4,11.0,0.0,11.3,9.6,0.643
20250408,2025-04-08,Rain,16.2,10.3,6.0,1.5,3.6,0.095
20250409,2025-04-09,Sunny,14.6,12.0,0.0,8.5,5.3,0.48
20250410,2025-04-10,Sunny,13.1,6.7,0.0,9.4,11.3,0.447
20250411,2025-04-11,Sunny,14.4,12.0,0.0,10.5,13.8,0.536
20250412,2025-04-12,Sunny,12.9,7.7,0.0,8.2,10.9,0.4
20250413,2025-04-13,Sunny,17.9,15.2,0.0,9.2,8.5,0.637
20250414,2025-04-14,Rain,18.7,13.6,2.5,1.3,7.1,0.322
20250415,2025-04-15,Sunny,9.7,3.3,0.0,10.9,9.6,0.45
20250416,2025-04-16,Sunny,13.3,7.1,0.0,8.6,11.1,0.43
20250417,2025-04-17,Sunny,15.8,13.2,0.0,8.4,7.5,0.525
20250418,2025-04-18,Sunny,7.5,1.3,0.0,8.0,14.9,0.357
20250419,2025-04-19,Cloudy,10.3,4.2,0.9,3.1,15.8,0.166
20250420,2025-04-20,Cloudy,8.1,5.1,0.1,1.9,11.8,0.157
20250421,2025-04-21,Rain,8.0,2.7,2.0,3.0,3.1,0.121
20250422,2025-04-22,Sunny,8.3,3.5,0.0,11.1,21.3,0.457
20250423,2025-04-23,Sunny,11.6,5.1,0.0,7.6,14.3,0.344
20250424,2025-04-24,Sunny,10.9,4.0,0.0,8.4,10.7,0.37
20250425,2025-04-25,Sunny,13.7,5.7,0.0,11.0,8.7,0.523
20250426,2025-04-26,Cloudy,9.9,3.7,0.1,3.1,8.7,0.196
20250427,2025-04-27,Partly Cloudy,12.8,6.7,0.0,5.4,15.7,0.306
20250428,2025-04-28,Sunny,8.0,4.0,0.0,8.9,14.9,0.386
20250429,2025-04-29,Sunny,14.7,8.9,0.0,14,13.3,0.66
20250430,2025-04-30,Cloudy,10.0,7.2,0.6,2.7,8.8,0.164
20250501,2025-05-01,Sunny,15.5,14.9,0.0,8.8,5.1,0.499
20250502,2025-05-02,Sunny,17.8,14.9,0.0,10.1,4.7,0.63
20250503,2025-05-03,Sunny,13.6,7.4,0.0,7.3,10.8,0.377
20250504,2025-05-04,Sunny,18.7,12.3,0.0,7.1,6.2,0.58
20250505,2025-05-05,Cloudy,17.4,12.0,1.1,3.7,4.5,0.387
20250506,2025-05-06,Rain,15.3,11.2,1.7,3.8,16.1,0.282
20250507,2025-05-07,Sunny,13.8,7.6,0.0,10.5,13.1,0.478
20250508,2025-05-08,Sunny,13.6,9.2,0.0,8.3,14.1,0.406
20250509,2025-05-09,Sunny,15.9,10.0,0.0,10.9,6.5,0.576
20250510,2025-05-10,Sunny,17.1,10.5,0.0,12.6,14.1,0.674
20250511,2025-05-11,Sunny,16.8,12.9,0.0,9.0,17.0,0.558
20250512,2025-05-12,Sunny,18.0,14.3,0.0,11.0,16.0,0.665
20250513,2025-05-13,Rain,13.2,7.8,5.0,2.2,10.5,0.025
20250514,2025-05-14,Sunny,16.2,12.1,0.0,12.2,15.2,0.626
20250515,2025-05-15,Sunny,13.9,9.8,0.0,8.4,5.9,0.422
20250516,2025-05-16,Sunny,17.9,14.5,0.0,7.7,5.2,0.565
20250517,2025-05-17,Partly Cloudy,17.6,12.7,0.0,6.7,5.0,0.524
20250518,2025-05-18,Cloudy,16.6,10.3,0.2,1.9,7.2,0.336
20250519,2025-05-19,Sunny,15.8,11.7,0.0,7.5,11.5,0.473
20250520,2025-05-20,Sunny,8.4,4.0,0.0,8.2,11.6,0.338
20250521,2025-05-21,Rain,13.8,7.6,3.9,2.2,8.5,0.091
20250522,2025-05-22,Sunny,17.9,11.3,0.0,12.2,15.8,0.696
20250523,2025-05-23,Sunny,17.4,14.7,0.0,8.7,14.3,0.573
20250524,2025-05-24,Sunny,16.5,12.7,0.0,8.7,15.6,0.537
20250525,2025-05-25,Sunny,16.3,12.1,0.0,10.1,11.6,0.569
20250526,2025-05-26,Sunny,13.1,6.9,0.0,10.9,11.1,0.461
20250527,2025-05-27,Sunny,13.9,10.2,0.0,9.8,15.5,0.462
20250528,2025-05-28,Sunny,15.9,10.4,0.0,9.2,11.6,0.527
20250529,2025-05-29,Sunny,16.7,11.3,0.0,9.6,6.8,0.571
20250530,2025-05-30,Rain,15.7,11.6,5.7,0.1,7.9,0.041
20250531,2025-05-31,Sunny,14.6,11.3,0.0,13.0,16.2,0.584
20250601,2025-06-01,Cloudy,16.7,11.4,0.7,2.1,12.0,0.323
20250602,2025-06-02,Sunny,20.8,17.0,0.0,9.3,6.2,0.714
20250603,2025-06-03,Sunny,16.5,12.3,0.0,7.9,13.2,0.5
20250604,2025-06-04,Sunny,13.9,10.8,0.0,10.9,8.8,0.475
20250605,2025-06-05,Sunny,17.5,10.4,0.0,12.5,12.4,0.666
20250606,2025-06-06,Rain,18.7,16.2,5.9,1.6,5.9,0.196
20250607,2025-06-07,Sunny,16.9,13.2,0.0,10.6,15.1,0.59
20250608,2025-06-08,Rain,23.0,17.5,5.2,2.2,9.3,0.415
20250609,2025-06-09,Rain,19.7,15.0,3.1,3.1,10.1,0.383
20250610,2025-06-10,Sunny,20.6,14.4,0.0,11.7,15.8,0.771
20250611,2025-06-11,Cloudy,16.3,12.2,0.9,1.1,10.9,0.272
20250612,2025-06-12,Heavy Rain,17.1,12.9,10.7,4.6,6.4,0.033
20250613,2025-06-13,Sunny,18.9,12.6,0.0,12.3,8.8,0.718
20250614,2025-06-14,Sunny,15.5,9.7,0.0,13.0,11.0,0.598
20250615,2025-06-15,Sunny,17.1,9.9,0.0,10.8,10.0,0.603
20250616,2025-06-16,Sunny,18.6,13.4,0.0,12.3,11.1,0.705
20250617,2025-06-17,Rain,16.6,11.0,1.5,3.0,15.8,0.314
20250618,2025-06-18,Rain,19.8,15.2,3.7,3.0,8.9,0.362
20250619,2025-06-19,Sunny,16.0,11.2,0.0,12.9,7.6,0.615
20250620,2025-06-20,Sunny,19.1,14.9,0.0,8.1,11.0,0.611
20250621,2025-06-21,Sunny,15.1,11.5,0.0,11.5,12.3,0.54
20250622,2025-06-22,Rain,18.1,10.6,2.4,1.0,10.4,0.287
20250623,2025-06-23,Heavy Rain,20.4,16.4,13.8,3.7,5.9,0.095
20250624,2025-06-24,Sunny,19.8,15.4,0.0,11.3,8.3,0.727
20250625,2025-06-25,Sunny,20.1,16.1,0.0,10.4,8.8,0.715
20250626,2025-06-26,Sunny,16.4,11.3,0.0,10.8,11.3,0.575
20250627,2025-06-27,Sunny,18.1,12.2,0.0,9.1,18.0,0.598
20250628,2025-06-28,Sunny,17.4,11.7,0.0,9.3,11.3,0.575
20250629,2025-06-29,Rain,15.6,11.2,3.8,1.0,9.3,0.132
20250630,2025-06-30,Sunny,19.2,10.6,0.0,10.2,10.1,0.673
20250701,2025-07-01,Sunny,17.2,11.1,0.0,11.9,4.1,0.647
20250702,2025-07-02,Cloudy,20.7,13.5,0.2,0,13.9,0.448
20250703,2025-07-03,Partly Cloudy,23.9,19.6,0.0,6.1,13.1,0.722
20250704,2025-07-04,Sunny,21.0,16.6,0.0,10.5,17.1,0.763
20250705,2025-07-05,Sunny,16.8,11.9,0.0,9.7,14.0,0.569
20250706,2025-07-06,Partly Cloudy,22.0,16.7,0.0,5.4,10.6,0.661
20250707,2025-07-07,Sunny,20.7,19.2,0.0,10.4,13.0,0.748
20250708,2025-07-08,Rain,25.4,21.9,2.3,2.2,13.6,0.526
20250709,2025-07-09,Sunny,24.0,19.3,0.0,9.6,2.3,0.82
20250710,2025-07-10,Rain,20.8,17.0,4.1,1.3,4.7,0.343
20250711,2025-07-11,Sunny,18.9,15.5,0.0,8.8,13.7,0.63
20250712,2025-07-12,Sunny,20.2,12.7,0.0,11.9,6.4,0.77
20250713,2025-07-13,Cloudy,19.2,14.5,0.1,1.1,9.8,0.422
20250714,2025-07-14,Partly Cloudy,19.5,15.4,0.0,5.4,4.9,0.559
20250715,2025-07-15,Rain,20.6,14.4,5.3,0.6,16.6,0.27
20250716,2025-07-16,Sunny,22.6,18.7,0.0,8.6,13.7,0.776
20250717,2025-07-17,Sunny,18.1,13.2,0.0,11.4,9.9,0.67
20250718,2025-07-18,Partly Cloudy,21.5,15.7,0.0,6.8,6.8,0.68
20250719,2025-07-19,Sunny,18.4,14.5,0.0,7.1,11.6,0.562
20250720,2025-07-20,Sunny,26.1,23.9,0.0,8.5,12.3,0.789
20250721,2025-07-21,Sunny,20.4,16.0,0.0,12.1,6.9,0.784
20250722,2025-07-22,Sunny,20.8,12.8,0.0,9.0,12.4,0.713
20250723,2025-07-23,Sunny,20.0,16.4,0.0,13.5,6.7,0.807
20250724,2025-07-24,Partly Cloudy,28.3,23.2,0.0,4.3,10.0,0.671
20250725,2025-07-25,Sunny,20.7,15.2,0.0,7.1,19.4,0.656
20250726,2025-07-26,Sunny,15.8,10.8,0.0,7.9,10.6,0.478
20250727,2025-07-27,Sunny,23.6,18.8,0.0,11.2,8.8,0.865
20250728,2025-07-28,Rain,20.1,15.0,6.1,1.8,15.0,0.253
20250729,2025-07-29,Cloudy,24.4,19.7,0.4,2.0,9.7,0.591
20250730,2025-07-30,Sunny,22.4,21.4,0.0,11.6,14.4,0.852
20250731,2025-07-31,Sunny,21.1,15.7,0.0,12.2,8.4,0.815
20250801,2025-08-01,Sunny,19.5,14.4,0.0,12.2,8.3,0.785
20250802,2025-08-02,Sunny,21.1,16.4,0.0,10.3,10.2,0.792
20250803,2025-08-03,Heavy Rain,18.5,13.9,10.3,1.5,9.2,0.026
20250804,2025-08-04,Sunny,21.4,16.9,0.0,9.3,20.5,0.773
20250805,2025-08-05,Sunny,18.8,13.8,0.0,9.4,14.9,0.67
20250806,2025-08-06,Sunny,21.3,16.4,0.0,14.2,13.8,0.921
20250807,2025-08-07,Sunny,19.6,15.4,0.0,7.9,11.8,0.656
20250808,2025-08-08,Sunny,18.4,15.7,0.0,9.2,10.4,0.647
20250809,2025-08-09,Sunny,21.2,16.2,0.0,8.8,12.1,0.749
20250810,2025-08-10,Cloudy,23.5,19.0,1.0,1.7,14.3,0.565
20250811,2025-08-11,Cloudy,21.5,17.7,0.7,2.7,5.6,0.546
20250812,2025-08-12,Rain,22.5,19.6,3.1,3.2,6.9,0.513
20250813,2025-08-13,Sunny,21.7,15.7,0.0,7.3,12.0,0.723
20250814,2025-08-14,Sunny,20.2,17.7,0.0,7.9,12.7,0.681
20250815,2025-08-15,Sunny,21.6,17.1,0.0,8.6,7.0,0.76
20250816,2025-08-16,Sunny,21.2,18.4,0.0,8.8,11.1,0.749
20250817,2025-08-17,Sunny,22.1,16.7,0.0,10.0,13.3,0.824
20250818,2025-08-18,Partly Cloudy,19.0,12.8,0.0,6.9,15.3,0.601
20250819,2025-08-19,Partly Cloudy,19.7,13.0,0.0,6.2,15.3,0.607
20250820,2025-08-20,Rain,14.4,6.8,4.3,1.4,13.9,0.08
20250821,2025-08-21,Sunny,14.6,9.2,0.0,11.9,11.6,0.576
20250822,2025-08-22,Sunny,17.7,11.5,0.0,10.9,16.6,0.671
20250823,2025-08-23,Partly Cloudy,17.1,11.7,0.0,6.4,9.1,0.507
20250824,2025-08-24,Sunny,20.3,16.0,0.0,7.7,12.9,0.679
20250825,2025-08-25,Sunny,21.4,14.7,0.0,11.8,9.2,0.851
20250826,2025-08-26,Sunny,21.1,17.7,0.0,11.2,16.4,0.82
20250827,2025-08-27,Cloudy,14.0,7.3,0.0,3.5,3.8,0.29
20250828,2025-08-28,Rain,20.8,15.5,3.3,1.3,10.1,0.377
20250829,2025-08-29,Partly Cloudy,18.7,13.3,0.0,6.8,11.9,0.585
20250830,2025-08-30,Sunny,19.3,13.3,0.0,7.4,10.3,0.628
20250831,2025-08-31,Sunny,21.1,16.8,0.0,10.1,14.4,0.786
20250901,2025-09-01,Cloudy,13.7,11.1,1.1,2.6,12.2,0.222
20250902,2025-09-02,Cloudy,22.5,16.8,0.1,1.9,12.1,0.594
20250903,2025-09-03,Heavy Rain,17.6,13.0,9.3,3.7,7.6,0.114
20250904,2025-09-04,Sunny,17.8,14.4,0.0,7.8,14.2,0.618
20250905,2025-09-05,Sunny,16.5,11.1,0.0,8.1,5.6,0.576
20250906,2025-09-06,Sunny,11.5,4.9,0.0,7.3,7.5,0.363
20250907,2025-09-07,Sunny,16.1,12.0,0.0,9.5,13.4,0.61
20250908,2025-09-08,Partly Cloudy,16.3,8.6,0.0,5.6,4.5,0.478
20250909,2025-09-09,Sunny,18.5,13.0,0.0,9.1,13.7,0.694
20250910,2025-09-10,Partly Cloudy,21.4,16.6,0.3,4.2,2,0.624
20250911,2025-09-11,Rain,19.8,15.7,4.9,1.9,9.2,0.304
20250912,2025-09-12,Partly Cloudy,18.2,14.3,0.0,6.9,7.0,0.602
20250913,2025-09-13,Sunny,20.4,15.2,0.0,7.8,5.7,0.724
20250914,2025-09-14,Sunny,18.7,13.9,0.0,10.5,11.7,0.752
20250915,2025-09-15,Sunny,16.0,11.6,0.0,7.9,10.0,0.548
20250916,2025-09-16,Partly Cloudy,20.1,15.2,0.0,5.7,9.1,0.637
20250917,2025-09-17,Sunny,15.6,11.9,0.0,8.8,15.1,0.564
20250918,2025-09-18,Rain,20.6,14.6,3.7,1.2,9.6,0.356
20250919,2025-09-19,Partly Cloudy,17.8,13.2,1.3,4.0,12.3,0.433
20250920,2025-09-20,Sunny,13.8,8.0,0.0,7.8,7.6,0.454
20250921,2025-09-21,Partly Cloudy,21.5,15.5,0.0,5.4,12.0,0.683
20250922,2025-09-22,Partly Cloudy,13.9,5.5,0.0,6.8,11.3,0.423
20250923,2025-09-23,Partly Cloudy,14.5,7.0,0.0,5.2,6.9,0.389
20250924,2025-09-24,Sunny,13.5,7.6,0.0,9.2,11.7,0.493
20250925,2025-09-25,Rain,16.8,11.8,2.4,2.8,8.5,0.307
20250926,2025-09-26,Sunny,19.6,13.6,0.0,8.4,15.8,0.713
20250927,2025-09-27,Heavy Rain,19.8,15.9,10.4,4.1,7.3,0.177
20250928,2025-09-28,Rain,12.7,8.6,4.6,2.3,5.0,0.039
20250929,2025-09-29,Sunny,19.8,15.4,0.0,8.2,8.9,0.714
20250930,2025-09-30,Sunny,17.6,15.3,0.0,8.0,5.0,0.617
20251001,2025-10-01,Sunny,15.8,11.7,0.0,8.4,14.4,0.599
20251002,2025-10-02,Partly Cloudy,13.5,6.1,0.0,5.4,13.3,0.382
20251003,2025-10-03,Heavy Rain,14.4,9.2,9.1,3.6,13.6,0.004
20251004,2025-10-04,Partly Cloudy,15.7,9.0,0.0,6.8,16.0,0.53
20251005,2025-10-05,Rain,15.4,12.2,6.1,2.8,12.5,0.125
20251006,2025-10-06,Cloudy,20.4,15.3,1.3,0,4.9,0.395
20251007,2025-10-07,Partly Cloudy,15.5,11.4,0.0,5.8,9.7,0.48
20251008,2025-10-08,Rain,18.4,13.0,5.1,3.2,7.4,0.301
20251009,2025-10-09,Partly Cloudy,12.7,5.7,0.0,5.9,12.2,0.37
20251010,2025-10-10,Sunny,12.5,6.6,0.0,7.5,5.1,0.427
20251011,2025-10-11,Cloudy,17.1,13.6,0.6,2.3,10.0,0.38
20251012,2025-10-12,Rain,17.5,13.1,2.3,0.8,6.8,0.271
20251013,2025-10-13,Rain,18.0,13.4,2.5,2.9,13.0,0.37
20251014,2025-10-14,Sunny,18.1,13.3,0.0,7.6,8.3,0.66
20251015,2025-10-15,Partly Cloudy,17.0,11.2,0.0,5.1,3.3,0.513
20251016,2025-10-16,Partly Cloudy,15.6,11.1,0.0,6.2,7.6,0.501
20251017,2025-10-17,Sunny,12.1,8.5,0.0,10.3,8.3,0.525
20251018,2025-10-18,Sunny,14.3,12.7,0.0,8.3,14.1,0.534
20251019,2025-10-19,Cloudy,17.0,12.5,0.0,3.4,8.8,0.444
20251020,2025-10-20,Rain,15.7,11.8,3.9,1.0,11.1,0.146
20251021,2025-10-21,Sunny,17.6,13.8,0.0,7.3,9.4,0.628
20251022,2025-10-22,Partly Cloudy,12.6,6.1,0.0,6.2,12.2,0.378
20251023,2025-10-23,Sunny,11.6,5.3,0.0,10.5,14.0,0.53
20251024,2025-10-24,Partly Cloudy,17.2,11.6,0.0,6.7,13.0,0.587
20251025,2025-10-25,Sunny,15.8,10.2,0.0,9.1,17.4,0.628
20251026,2025-10-26,Rain,17.8,15.0,5.3,3.1,11.5,0.265
20251027,2025-10-27,Partly Cloudy,18.8,14.4,0.0,6.1,15.5,0.628
20251028,2025-10-28,Cloudy,15.7,12.6,0.7,2.9,6.0,0.344
20251029,2025-10-29,Rain,17.3,12.5,4.5,1.7,7.6,0.218
20251030,2025-10-30,Heavy Rain,11.8,6.7,11.0,4.0,2,0.0
20251031,2025-10-31,Cloudy,18.0,12.4,1.2,2.8,10.8,0.415
20251101,2025-11-01,Cloudy,18.0,14.4,0.0,2.5,7.2,0.47
20251102,2025-11-02,Rain,12.6,7.1,1.7,4.4,13.4,0.281
20251103,2025-11-03,Partly Cloudy,7.3,3.0,0.0,6.9,12.7,0.445
20251104,2025-11-04,Cloudy,12.1,8.6,0.2,2.2,9.7,0.207
20251105,2025-11-05,Heavy Rain,12.6,7.8,16.6,3.7,14.8,0.0
20251106,2025-11-06,Partly Cloudy,10.5,7.3,0.0,6.6,9.4,0.43
20251107,2025-11-07,Cloudy,15.6,12.2,0.0,2.4,11.2,0.367
20251108,2025-11-08,Partly Cloudy,14.1,10.2,0.0,5.3,17.6,0.451
20251109,2025-11-09,Rain,13.9,8.7,1.8,1.6,7.5,0.19
20251110,2025-11-10,Cloudy,12.9,8.2,0.0,2.2,9.6,0.247
20251111,2025-11-11,Rain,11.7,9.2,2.0,1.3,8.2,0.09
20251112,2025-11-12,Sunny,12.6,8.6,0.0,7.5,12.9,0.5
20251113,2025-11-13,Cloudy,10.9,4.2,0.0,2.4,9.4,0.22
20251114,2025-11-14,Heavy Rain,12.6,7.7,10.7,3.1,9.1,0.0
20251115,2025-11-15,Partly Cloudy,10.2,2.9,0.0,5.8,15.4,0.39
20251116,2025-11-16,Partly Cloudy,10.0,4.4,0.0,4.3,2.2,0.315
20251117,2025-11-17,Sunny,11.5,6.9,0.0,7.9,12.8,0.495
20251118,2025-11-18,Cloudy,15.2,9.6,0.5,1.0,12.1,0.262
20251119,2025-11-19,Rain,10.0,3.8,6.0,0.1,6.7,0.0
20251120,2025-11-20,Rain,7.3,2.8,6.0,4.5,8.7,0.1
20251121,2025-11-21,Cloudy,9.2,2.2,0.0,3.6,22.5,0.28
20251122,2025-11-22,Cloudy,10.4,3.5,0.5,0.6,9.9,0.111
20251123,2025-11-23,Partly Cloudy,9.9,4.0,0.0,6.4,2,0.42
20251124,2025-11-24,Partly Cloudy,12.2,9.5,0.0,4.5,12.4,0.333
20251125,2025-11-25,Rain,8.2,6.1,4.4,2.9,15.4,0.08
20251126,2025-11-26,Rain,9.7,6.1,2.1,1.7,16.5,0.106
20251127,2025-11-27,Sunny,13.0,7.0,0.0,7.7,6.2,0.526
20251128,2025-11-28,Partly Cloudy,12.8,10.3,0.0,6.7,14.4,0.468
20251129,2025-11-29,Rain,15.1,7.6,2.8,3.8,8.6,0.312
20251130,2025-11-30,Sunny,14.2,10.9,0.0,9,4.1,0.64
20251201,2025-12-01,Rain,13.7,8.1,2.1,0,11.9,0.091
20251202,2025-12-02,Partly Cloudy,9.3,6.1,0.0,6.6,8.9,0.471
20251203,2025-12-03,Rain,7.2,2.8,7.5,1.0,4.0,0.0
20251204,2025-12-04,Partly Cloudy,12.0,7.2,0.0,4.6,2,0.359
20251205,2025-12-05,Cloudy,4.7,-0.0,0.7,3.0,13.6,0.243
20251206,2025-12-06,Rain,9.6,2.9,7.1,2.3,8.9,0.0
20251207,2025-12-07,Partly Cloudy,9.8,7.9,0.0,4.8,21.7,0.37
20251208,2025-12-08,Partly Cloudy,10.3,8.3,0.0,4.9,11.6,0.376
20251209,2025-12-09,Sunny,12.6,8.2,0.0,7.3,15.3,0.535
20251210,2025-12-10,Rain,6.9,1.3,5.3,4.1,5.2,0.132
20251211,2025-12-11,Cloudy,14.4,9.0,1.2,3.1,13.2,0.328
20251212,2025-12-12,Cloudy,9.4,5.2,0.0,1.6,19.2,0.19
20251213,2025-12-13,Cloudy,10.5,5.2,0.0,0.9,12.5,0.151
20251214,2025-12-14,Partly Cloudy,9.5,6.3,0.0,6.4,10.4,0.46
20251215,2025-12-15,Partly Cloudy,9.5,3.5,0.0,4.6,21.1,0.359
20251216,2025-12-16,Cloudy,10.0,6.6,0.0,2.7,4.6,0.252
20251217,2025-12-17,Cloudy,11.5,4.9,0.2,2.0,9.6,0.205
20251218,2025-12-18,Sunny,13.1,6.5,0.0,7.2,7.8,0.55
20251219,2025-12-19,Rain,6.2,0.1,4.0,1.7,9.3,0.046
20251220,2025-12-20,Rain,9.6,4.9,6.2,3.7,9.3,0.076
20251221,2025-12-21,Partly Cloudy,12.1,7.6,0.0,6.7,15.2,0.481
20251222,2025-12-22,Heavy Rain,12.5,6.6,8.4,0,5.9,0.0
20251223,2025-12-23,Rain,10.5,7.1,6.8,1.7,12.7,0.0
20251224,2025-12-24,Rain,9.4,3.2,3.9,0.6,9.2,0.0
20251225,2025-12-25,Cloudy,8.4,5.4,0.2,1.6,9.7,0.183
20251226,2025-12-26,Cloudy,9.6,3.9,0.0,0,11.7,0.1
20251227,2025-12-27,Rain,10.8,6.4,4.1,2.8,16.0,0.104
20251228,2025-12-28,Rain,6.4,1.0,2.0,0.1,11.7,0.031
20251229,2025-12-29,Cloudy,13.8,8.1,0.0,0.7,12.5,0.213
20251230,2025-12-30,Cloudy,6.3,0.9,1.1,3.7,9.9,0.267
20251231,2025-12-31,Sunny,11.1,6.2,0.0,8,6.5,0.55
20260101,2026-01-01,Rain,11.7,6.2,6.0,2.7,11.7,0.027
20260102,2026-01-02,Rain,13.5,7.5,4.3,4.6,9.0,0.259
20260103,2026-01-03,Rain,12.2,6.2,7.5,2.0,17.3,0.0
20260104,2026-01-04,Partly Cloudy,7.3,1.7,0.0,6.9,14.2,0.488
20260105,2026-01-05,Rain,7.9,2.5,4.5,1.7,17.5,0.027
20260106,2026-01-06,Cloudy,4.3,-3.7,0.7,1.6,5.4,0.164
20260107,2026-01-07,Cloudy,7.3,2.4,0.0,1.1,17.4,0.162
20260108,2026-01-08,Partly Cloudy,10.3,6.8,0.0,6.4,13.6,0.46
20260109,2026-01-09,Rain,9.4,4.6,3.6,2.8,11.6,0.122
20260110,2026-01-10,Rain,8.9,4.4,5.9,1.9,7.3,0.0
20260111,2026-01-11,Partly Cloudy,13.6,7.5,0.0,4.6,2.2,0.424
20260112,2026-01-12,Rain,7.7,1.5,2.7,3.6,11.6,0.201
20260113,2026-01-13,Cloudy,11.8,6.3,1.1,0.2,7.2,0.07
20260114,2026-01-14,Cloudy,11.3,5.7,0.0,2.4,7.9,0.235
20260115,2026-01-15,Cloudy,11.3,5.9,0.2,3.0,15.3,0.261
20260116,2026-01-16,Cloudy,8.8,4.3,0.0,2.1,11.1,0.218
20260117,2026-01-17,Rain,4.7,-0.2,6.0,0,11.1,0.0
20260118,2026-01-18,Heavy Rain,8.8,3.7,12.1,1.2,14.0,0.0
20260119,2026-01-19,Rain,6.4,2.4,3.5,2.7,17.3,0.121
20260120,2026-01-20,Rain,8.9,4.7,4.7,1.7,9.2,0.019
20260121,2026-01-21,Cloudy,3.5,-2.9,1.0,2.4,17.1,0.198
20260122,2026-01-22,Rain,8.3,4.3,2.3,3.8,16.7,0.228
20260123,2026-01-23,Partly Cloudy,5.9,0.2,0.0,4.2,9.7,0.336
20260124,2026-01-24,Cloudy,10.2,3.9,1.2,3.0,12.5,0.224
20260125,2026-01-25,Partly Cloudy,11.6,5.8,0.0,6.3,12.2,0.454
20260126,2026-01-26,Cloudy,8.7,2.0,0.0,2.0,8.4,0.213
20260127,2026-01-27,Rain,11.6,5.8,7.3,0.7,17.0,0.0
20260128,2026-01-28,Partly Cloudy,13.4,6.3,0.0,6.8,11.3,0.54
20260129,2026-01-29,Cloudy,11.7,7.8,0.0,3.1,12.2,0.274
20260130,2026-01-30,Cloudy,6.1,-0.7,0.0,3.2,6.6,0.28
20260131,2026-01-31,Cloudy,14.0,7.9,0.2,3.5,9.1,0.371
20260201,2026-02-01,Rain,12.6,7.1,1.9,2.7,8.5,0.175
20260202,2026-02-02,Sunny,4.5,-0.9,0.0,8.3,8.4,0.474
20260203,2026-02-03,Cloudy,2.8,-2.4,0.5,1.9,15.9,0.167
20260204,2026-02-04,Sunny,5.0,-0.4,0.0,7.1,4.6,0.419
20260205,2026-02-05,Partly Cloudy,13.1,9.7,0.0,4.7,14.5,0.357
20260206,2026-02-06,Rain,10.0,5.6,7.5,3.2,14.4,0.0
20260207,2026-02-07,Heavy Rain,12.9,7.7,12.8,1.2,8.8,0.0
20260208,2026-02-08,Rain,9.3,5.7,6.3,1.2,4.0,0.0
20260209,2026-02-09,Partly Cloudy,3.3,-3.8,0.0,5.6,10.3,0.352
20260210,2026-02-10,Partly Cloudy,5.7,1.2,0.0,4.4,9.2,0.298
20260211,2026-02-11,Rain,13.6,7.0,5.0,3.6,19.0,0.14
20260212,2026-02-12,Partly Cloudy,4.6,1.4,0.0,4.1,16.1,0.284
20260213,2026-02-13,Sunny,9.2,3.3,0.0,7.3,12.4,0.428
20260214,2026-02-14,Partly Cloudy,4.1,-0.6,0.0,6.3,17.4,0.384
20260215,2026-02-15,Cloudy,7.1,0.6,0.1,0.8,13.8,0.132
20260216,2026-02-16,Cloudy,13.2,6.2,0.0,3.7,9.3,0.316
20260217,2026-02-17,Partly Cloudy,7.7,4.0,0.0,5.8,12.9,0.361
20260218,2026-02-18,Partly Cloudy,10.9,6.3,0.0,5.1,3.5,0.33
20260219,2026-02-19,Heavy Rain,9.5,6.1,9.6,3.1,10.3,0.0
20260220,2026-02-20,Cloudy,7.0,2.8,0.8,0.9,11.7,0.111
20260221,2026-02-21,Rain,7.6,3.3,2.2,2.5,7.1,0.13
20260222,2026-02-22,Sunny,8.2,4.1,0.0,8.3,11.0,0.474
20260223,2026-02-23,Partly Cloudy,10.2,6.5,0.0,4.6,9.3,0.307
20260224,2026-02-24,Cloudy,8.7,6.2,0.4,2.7,8.5,0.207
20260225,2026-02-25,Sunny,10.2,6.3,0.0,10,11.3,0.55
20260226,2026-02-26,Partly Cloudy,3.3,-2.1,0.0,5.7,10.5,0.357
20260227,2026-02-27,Partly Cloudy,11.7,8.3,0.0,4.7,7.5,0.311
20260228,2026-02-28,Cloudy,12.1,5.2,1.1,2.6,11.7,0.18
20260301,2026-03-01,Sunny,11.4,6.8,0.0,8.9,6.4,0.434
20260302,2026-03-02,Sunny,8.9,5.6,0.0,9.2,10.1,0.445
20260303,2026-03-03,Sunny,8.9,5.3,0.0,8.1,15.0,0.404
20260304,2026-03-04,Partly Cloudy,8.8,3.8,0.0,5.6,13.2,0.31
20260305,2026-03-05,Partly Cloudy,9.4,8.3,0.0,5.6,14.5,0.31
20260306,2026-03-06,Rain,11.4,7.5,3.6,3.3,8.9,0.089
20260307,2026-03-07,Sunny,14.8,9.0,0.0,8.6,8.0,0.537
20260308,2026-03-08,Partly Cloudy,11.5,6.8,0.0,5.2,21.1,0.295
20260309,2026-03-09,Sunny,7.1,1.6,0.0,8.2,8.2,0.407
20260310,2026-03-10,Cloudy,8.6,4.0,0.4,0.1,9.3,0.089
20260311,2026-03-11,Cloudy,16.2,11.5,0.2,2.1,7.9,0.343
20260312,2026-03-12,Cloudy,10.3,5.4,0.2,0,13.4,0.092
20260313,2026-03-13,Sunny,8.1,5.2,0.0,7.4,16.3,0.378
20260314,2026-03-14,Partly Cloudy,7.7,1.6,0.0,5.2,16.0,0.295
20260315,2026-03-15,Rain,12.4,8.9,4.2,1.2,6.1,0.004
20260316,2026-03-16,Sunny,10.5,5.4,0.0,8.7,10.8,0.426
20260317,2026-03-17,Sunny,10.0,3.6,0.0,7.6,11.6,0.385
20260318,2026-03-18,Sunny,11.0,4.6,0.0,9.8,8.6,0.468
20260319,2026-03-19,Cloudy,6.7,1.2,0.0,3.0,6.4,0.213
20260320,2026-03-20,Partly Cloudy,10.2,5.9,0.0,6.4,10.0,0.34
20260321,2026-03-21,Rain,12.5,6.3,6.9,1.2,7.8,0.0
20260322,2026-03-22,Rain,14.1,9.6,6.6,2.3,11.6,0.025
20260323,2026-03-23,Sunny,14.2,7.4,0.0,8.9,9.0,0.524
20260324,2026-03-24,Heavy Rain,10.4,5.3,9.2,0,13.5,0.0
20260325,2026-03-25,Sunny,9.4,3.7,0.0,8.2,3.3,0.407
20260326,2026-03-26,Rain,10.9,4.8,2.1,1.6,5.9,0.081
20260327,2026-03-27,Sunny,10.4,3.6,0.0,10.7,10.6,0.501
20260328,2026-03-28,Sunny,9.0,2.0,0.0,9.2,10.5,0.445
20260329,2026-03-29,Sunny,11.5,7.0,0.0,7.4,7.8,0.378
20260330,2026-03-30,Cloudy,13.0,7.2,1.1,1.4,9.8,0.152
20260331,2026-03-31,Rain,13.5,8.9,5.6,0.2,8.2,0.0
20260401,2026-04-01,Heavy Rain,13.1,8.9,14.3,0,11.0,0.0
20260402,2026-04-02,Sunny,11.4,5.5,0.0,7.9,5.3,0.354
20260403,2026-04-03,Sunny,13.5,9.7,0.0,9.7,11.5,0.473
20260404,2026-04-04,Partly Cloudy,10.5,9.3,0.0,6.5,11.3,0.309
20260405,2026-04-05,Sunny,11.5,5.8,0.0,8.2,7.5,0.364
20260406,2026-04-06,Sunny,11.9,6.8,0.0,7.8,11.2,0.351
20260407,2026-04-07,Sunny,17.2,11.6,0.0,11.8,6.0,0.692
20260408,2026-04-08,Heavy Rain,10.5,6.0,14.0,0.4,16.0,0.0
20260409,2026-04-09,Sunny,9.8,6.8,0.0,12.4,8.2,0.499
20260410,2026-04-10,Heavy Rain,10.5,6.0,14.0,0.4,16.0,0.0
20260411,2026-04-11,Cloudy,9.6,4.3,0.8,1.6,9.6,0.121
20260412,2026-04-12,Sunny,11.7,8.5,0.0,11.6,14.5,0.473
20260413,2026-04-13,Sunny,17.9,12.1,0.0,11.3,10.7,0.705
20260414,2026-04-14,Rain,12.3,9.5,6.8,3.7,3.9,0.0
20260415,2026-04-15,Heavy Rain,10.5,6.0,14.0,0.4,16.0,0.0
20260416,2026-04-16,Sunny,17.9,12.4,0.0,8.6,14.6,0.618
20260417,2026-04-17,Sunny,13.3,10.3,0.0,8.2,8.5,0.417
20260418,2026-04-18,Heavy Rain,10.5,6.0,14.0,0.4,16.0,0.0
20260419,2026-04-19,Cloudy,16.7,8.8,0.6,1.2,7.0,0.308
20260420,2026-04-20,Rain,12.8,11.2,2.1,1.5,13.4,0.102
20260421,2026-04-21,Partly Cloudy,12.8,6.3,0.0,6.9,17.6,0.355
20260422,2026-04-22,Heavy Rain,10.5,6.0,14.0,0.4,16.0,0.0
20260423,2026-04-23,Rain,15.7,9.0,4.0,1.6,7.9,0.153
20260424,2026-04-24,Heavy Rain,10.5,6.0,14.0,0.4,16.0,0.0
20260425,2026-04-25,Sunny,16.5,11.8,0.0,9.6,14.3,0.593
20260426,2026-04-26,Partly Cloudy,14.1,9.3,0.0,6.3,18.4,0.388
20260427,2026-04-27,Partly Cloudy,14.5,9.9,0.0,6.2,7.4,0.402
20260428,2026-04-28,Rain,13.7,7.0,4.5,2.0,9.0,0.065
20260429,2026-04-29,Cloudy,13.7,7.4,1.1,0.5,8.4,0.144
20260430,2026-04-30,Sunny,13.9,8.0,0.0,9.5,7.3,0.483
20260501,2026-05-01,Heavy Rain,15.1,13.8,9.5,1.4,11.9,0.0
20260502,2026-05-02,Sunny,13.0,8.8,0.0,8.0,7.6,0.373
20260503,2026-05-03,Rain,16.6,11.0,3.6,2.8,6.1,0.234
20260504,2026-05-04,Sunny,16.9,10.4,0.0,12.4,13.1,0.66
20260505,2026-05-05,Cloudy,17.8,12.2,0.9,3.6,16.0,0.408
20260506,2026-05-06,Sunny,12.0,7.9,0.0,10.8,5.9,0.414
20260507,2026-05-07,Rain,11.5,7.0,2.1,2.2,13.8,0.085
20260508,2026-05-08,Sunny,13.6,9.5,0.0,12.4,12.8,0.525
20260509,2026-05-09,Rain,18.0,12.0,6.6,2.3,11.2,0.165
20260510,2026-05-10,Sunny,19.8,16.0,0.0,12.0,13.9,0.767
20260511,2026-05-11,Cloudy,15.0,10.0,1.3,3.0,6.6,0.261
20260512,2026-05-12,Sunny,10.2,5.4,0.0,10.3,12.4,0.399
20260513,2026-05-13,Rain,16.2,10.1,2.3,2.6,13.5,0.261
20260514,2026-05-14,Cloudy,15.0,11.1,0.1,0,15.2,0.219
20260515,2026-05-15,Rain,17.0,14.1,7.1,1.2,9.9,0.073
20260516,2026-05-16,Rain,15.0,8.2,4.0,2.7,13.0,0.151
20260517,2026-05-17,Cloudy,16.1,9.3,1.0,0,13.0,0.23
20260518,2026-05-18,Cloudy,15.6,11.2,0.7,3.4,14.6,0.32
20260519,2026-05-19,Cloudy,13.4,10.5,0.2,1.7,11.6,0.199
20260520,2026-05-20,Rain,15.4,10.0,5.6,1.0,14.1,0.058
20260521,2026-05-21,Heavy Rain,12.7,6.5,9.1,2.4,10.6,0.0
20260522,2026-05-22,Sunny,13.6,10.7,0.0,8.0,15.0,0.398
20260523,2026-05-23,Sunny,14.7,10.2,0.0,9.7,12.7,0.492
20260524,2026-05-24,Sunny,12.6,7.5,0.0,10.1,14.7,0.418
20260525,2026-05-25,Rain,14.7,10.7,4.0,5.0,7.2,0.206
20260526,2026-05-26,Partly Cloudy,15.0,9.7,0.0,5.7,9.2,0.388
20260527,2026-05-27,Sunny,14.6,6.1,0.0,10.8,6.8,0.52
20260528,2026-05-28,Sunny,16.2,10.6,0.0,9.4,15.4,0.545
20260529,2026-05-29,Sunny,17.1,12.5,0.0,8.3,11.4,0.55
20260530,2026-05-30,Sunny,16.5,12.8,0.0,9.4,14.7,0.557
20260531,2026-05-31,Rain,21.6,17.3,2.2,2.5,6.1,0.483
20260601,2026-06-01,Sunny,14.3,9.5,0.0,12.7,14.1,0.54
20260602,2026-06-02,Sunny,16.3,10.2,0.0,11.5,12.6,0.59
20260603,2026-06-03,Sunny,16.8,9.9,0.0,9.6,10.9,0.558
20260604,2026-06-04,Sunny,17.4,11.3,0.0,9.3,6.9,0.575
20260605,2026-06-05,Sunny,18.7,13.4,0.0,10.6,14.4,0.663
20260606,2026-06-06,Cloudy,17.9,12.5,1.0,2.0,7.8,0.358
20260607,2026-06-07,Sunny,21.2,15.0,0.0,11.1,15.2,0.779
20260608,2026-06-08,Sunny,19.1,14.9,0.0,12.2,20.0,0.723
20260609,2026-06-09,Sunny,14.0,8.5,0.0,8.8,9.1,0.422
20260610,2026-06-10,Cloudy,14.9,10.4,0.0,3.2,9.1,0.306
20260611,2026-06-11,Heavy Rain,19.1,13.3,10.4,2.5,13.3,0.069
20260612,2026-06-12,Rain,17.1,13.8,1.6,0.6,13.1,0.265
20260613,2026-06-13,Sunny,16.7,11.1,0.0,8.5,8.3,0.524
20260614,2026-06-14,Sunny,16.0,11.3,0.0,9.9,8.1,0.534
20260615,2026-06-15,Sunny,20.1,18.2,0.0,7.1,9.4,0.625
20260616,2026-06-16,Sunny,16.9,10.5,0.0,10.2,3.7,0.579
20260617,2026-06-17,Sunny,21.8,13.2,0.0,7.1,9.1,0.695
20260618,2026-06-18,Sunny,22.6,16.8,0.0,14.5,20.1,0.929
20260619,2026-06-19,Cloudy,20.2,12.2,0.9,1.8,10.6,0.451
20260620,2026-06-20,Sunny,19.3,13.2,0.0,11.2,4.2,0.704
20260621,2026-06-21,Sunny,15.7,11.2,0.0,11.2,10.0,0.557
20260622,2026-06-22,Sunny,20.9,15.5,0.0,10.4,7.1,0.748
20260623,2026-06-23,Sunny,17.5,10.1,0.0,10.7,9.2,0.617
20260624,2026-06-24,Sunny,19.3,14.5,0.0,10.4,12.2,0.682
20260625,2026-06-25,Sunny,17.0,12.5,0.0,13.2,19.0,0.665
20260626,2026-06-26,Sunny,19.4,15.5,0.0,11.3,8.6,0.711
20260627,2026-06-27,Sunny,19.2,13.8,0.0,8.1,13.5,0.615
20260628,2026-06-28,Sunny,24.2,18.6,0.0,11.8,9.3,0.872
20260629,2026-06-29,Sunny,17.1,13.3,0.0,7.2,10.4,0.505
20260630,2026-06-30,Sunny,12.8,9.2,0.0,12.3,8.8,0.468
